id,first_name,last_name,email,gender,ip_address
1,Juan,Cornelleau,jcornelleau0@yahoo.com,Male,117.152.172.164
2,Hamid,Tarquini,htarquini1@reddit.com,Male,247.209.65.83
3,Hartwell,Humerstone,hhumerstone2@gizmodo.com,Male,161.60.214.0
4,Nicolis,Smurfitt,nsmurfitt3@bloomberg.com,Male,12.13.174.120
5,Manolo,Schole,mschole4@timesonline.co.uk,Male,26.68.236.107
6,Lonna,Kiffe,lkiffe5@last.fm,Female,1.209.236.203
7,Constancia,Sargeaunt,csargeaunt6@behance.net,Female,112.106.255.175
8,Corena,Berrill,cberrill7@msu.edu,Female,158.64.120.11
9,Granthem,Sebley,gsebley8@bluehost.com,Male,100.203.214.69
10,Astrix,Sorro,asorro9@about.me,Female,222.19.122.123
11,Tobi,Odney,todneya@mozilla.org,Female,76.124.99.16
12,Elicia,Vittore,evittoreb@mozilla.com,Female,11.168.82.22
13,Richmond,Jeskins,rjeskinsc@dot.gov,Male,41.88.137.207
14,Joellen,Joyson,jjoysond@youku.com,Female,75.28.95.20
15,Morgen,Brum,mbrume@illinois.edu,Male,30.160.18.142
16,Drugi,Wrenn,dwrennf@naver.com,Male,244.147.10.66
17,Benito,Kuhnhardt,bkuhnhardtg@phpbb.com,Male,50.15.71.1
18,Herb,Cawdron,hcawdronh@homestead.com,Male,252.249.216.214
19,Leola,Kale,lkalei@ed.gov,Agender,112.236.105.96
20,Maisie,Adlard,madlardj@google.de,Female,110.157.132.13
21,Roberto,Cerro,rcerrok@csmonitor.com,Male,174.14.87.123
22,Juline,Kitchaside,jkitchasidel@xinhuanet.com,Female,254.99.149.155
23,Nanine,Muttock,nmuttockm@hostgator.com,Bigender,107.173.222.100
24,Bertie,Kilminster,bkilminstern@huffingtonpost.com,Male,45.210.147.142
25,Mariel,Mace,mmaceo@comcast.net,Female,50.226.104.245
26,Pippy,Baugham,pbaughamp@jalbum.net,Non-binary,113.189.135.252
27,Remus,Rolph,rrolphq@nature.com,Male,211.21.87.201
28,Pammy,Cheeld,pcheeldr@cmu.edu,Female,45.213.149.31
29,Madelaine,Tolle,mtolles@unicef.org,Female,148.68.242.175
30,Ardelia,Cisson,acissont@state.gov,Female,184.211.63.35
31,Daisie,Prier,dprieru@goodreads.com,Female,8.95.35.134
32,Luce,Kohnen,lkohnenv@europa.eu,Male,208.157.102.166
33,Ely,Canepe,ecanepew@opensource.org,Male,43.202.163.47
34,Cthrine,Jacobowits,cjacobowitsx@hhs.gov,Female,82.159.105.5
35,Hasheem,Dutson,hdutsony@moonfruit.com,Male,248.38.147.84
36,Yorker,Raspin,yraspinz@lycos.com,Polygender,0.159.165.253
37,Alano,Minchinden,aminchinden10@mapy.cz,Male,97.48.151.121
38,Annabell,Starmer,astarmer11@joomla.org,Female,248.74.158.202
39,Isidro,James,ijames12@pcworld.com,Male,172.194.160.68
40,Wallace,Glassman,wglassman13@reverbnation.com,Male,198.116.31.138
41,Gabriela,Corke,gcorke14@odnoklassniki.ru,Female,65.135.109.178
42,Garnette,Gayle,ggayle15@surveymonkey.com,Female,35.237.251.232
43,Emily,Mepsted,emepsted16@dagondesign.com,Female,23.106.161.110
44,Cletus,Jancar,cjancar17@networkadvertising.org,Male,167.22.141.176
45,Jewel,Sibly,jsibly18@cocolog-nifty.com,Bigender,125.221.138.134
46,Newton,Emmet,nemmet19@umn.edu,Male,156.100.116.80
47,Tiffanie,Hibbart,thibbart1a@wiley.com,Non-binary,14.255.159.14
48,Elset,Elcoat,eelcoat1b@seesaa.net,Female,5.199.238.210
49,Wilburt,Pawelec,wpawelec1c@youtube.com,Male,149.165.136.149
50,George,Killby,gkillby1d@yale.edu,Male,172.43.160.10
51,Leanor,Hayton,lhayton1e@squidoo.com,Female,143.21.35.34
52,Stinky,Charrier,scharrier1f@g.co,Male,65.143.6.156
53,Philipa,Sellner,psellner1g@hud.gov,Female,64.111.51.17
54,Margery,Seary,mseary1h@slate.com,Female,79.252.148.73
55,Cathrin,Voas,cvoas1i@scribd.com,Female,87.217.193.149
56,Ezechiel,Konke,ekonke1j@mozilla.org,Male,197.87.54.10
57,Lilias,Waith,lwaith1k@telegraph.co.uk,Female,124.60.173.68
58,Dorian,Pennaman,dpennaman1l@sourceforge.net,Male,93.192.70.126
59,Glenn,Eyeington,geyeington1m@webmd.com,Male,32.10.80.232
60,Tiffy,Mager,tmager1n@artisteer.com,Female,54.24.114.137
61,Jaclin,Dinwoodie,jdinwoodie1o@yolasite.com,Female,141.80.233.64
62,Emelina,Thomas,ethomas1p@joomla.org,Female,1.99.21.215
63,Daron,Goff,dgoff1q@telegraph.co.uk,Male,149.48.185.165
64,Tracie,Upstell,tupstell1r@hatena.ne.jp,Female,82.251.213.110
65,Laurianne,Jewers,ljewers1s@nature.com,Female,132.20.94.62
66,Riordan,Keizman,rkeizman1t@360.cn,Male,21.161.75.236
67,Emelen,Halm,ehalm1u@flavors.me,Male,17.56.35.250
68,Suzy,Fitkin,sfitkin1v@elpais.com,Female,68.99.155.69
69,Natasha,Padrick,npadrick1w@xing.com,Genderqueer,44.194.135.223
70,Olva,Fulloway,ofulloway1x@youku.com,Female,17.237.175.165
71,Tiphanie,Bosman,tbosman1y@blogger.com,Female,177.26.157.217
72,Gram,Bertouloume,gbertouloume1z@usnews.com,Male,122.175.56.221
73,Griffith,Cuffin,gcuffin20@deviantart.com,Male,243.232.139.159
74,Katherina,Borrie,kborrie21@fema.gov,Female,251.159.66.10
75,Patsy,Siviter,psiviter22@amazon.de,Female,169.114.147.14
76,Dixie,Lermit,dlermit23@tuttocitta.it,Female,3.220.196.246
77,Isak,Diehn,idiehn24@digg.com,Male,73.151.206.18
78,Devon,Ciciotti,dciciotti25@disqus.com,Non-binary,222.219.35.40
79,Lambert,Pinkett,lpinkett26@imdb.com,Male,33.136.84.174
80,Evered,Sammut,esammut27@123-reg.co.uk,Male,133.182.27.61
81,Buffy,Whittier,bwhittier28@blogger.com,Female,211.19.56.138
82,Stefano,Castro,scastro29@free.fr,Male,183.208.157.103
83,Shayla,Wasylkiewicz,swasylkiewicz2a@bigcartel.com,Female,90.30.211.144
84,Denni,Tanner,dtanner2b@slate.com,Genderfluid,218.104.63.237
85,Stavros,Deeble,sdeeble2c@1688.com,Male,188.111.60.124
86,Emmeline,Grason,egrason2d@godaddy.com,Polygender,27.75.3.213
87,Josie,Rubrow,jrubrow2e@nytimes.com,Female,253.18.113.218
88,Esmeralda,Merle,emerle2f@squidoo.com,Female,2.191.195.80
89,Ranee,Marvin,rmarvin2g@gmpg.org,Female,133.23.118.244
90,Cathie,Assender,cassender2h@globo.com,Genderfluid,96.131.232.145
91,Alexander,Greenhowe,agreenhowe2i@networkadvertising.org,Male,220.168.142.43
92,Gunar,Cargenven,gcargenven2j@sohu.com,Male,254.229.22.13
93,Carroll,Johnsson,cjohnsson2k@stanford.edu,Male,145.68.233.133
94,Nonna,Godsmark,ngodsmark2l@oracle.com,Female,52.68.74.146
95,Ritchie,Fernely,rfernely2m@surveymonkey.com,Male,61.206.173.178
96,Adrienne,Stut,astut2n@nymag.com,Female,216.230.197.32
97,Zak,Staines,zstaines2o@purevolume.com,Male,210.12.63.49
98,Maurice,Boffin,mboffin2p@newyorker.com,Male,62.6.139.27
99,Carie,Pennetta,cpennetta2q@blinklist.com,Female,56.6.48.232
100,Rabi,Lampbrecht,rlampbrecht2r@usa.gov,Male,157.199.147.253
101,Wallie,Surplice,wsurplice2s@newsvine.com,Male,74.254.80.161
102,Meredith,Vellden,mvellden2t@nps.gov,Female,52.17.144.149
103,Hasheem,Ozintsev,hozintsev2u@blogspot.com,Genderfluid,69.70.16.230
104,Birch,Cicchillo,bcicchillo2v@simplemachines.org,Male,50.90.22.53
105,Rozanna,Boulton,rboulton2w@123-reg.co.uk,Female,63.71.78.135
106,Hedwiga,Manjot,hmanjot2x@hostgator.com,Female,44.46.122.67
107,Lindon,Camin,lcamin2y@prlog.org,Male,53.151.152.173
108,Rorke,Cristofaro,rcristofaro2z@about.me,Male,79.142.242.86
109,Amery,Liddle,aliddle30@wiley.com,Male,10.128.13.93
110,Flynn,Perris,fperris31@freewebs.com,Male,9.38.171.246
111,Nat,Mafham,nmafham32@odnoklassniki.ru,Genderqueer,46.58.138.95
112,Blaire,Kummerlowe,bkummerlowe33@theglobeandmail.com,Female,62.12.72.247
113,Ferne,Kasman,fkasman34@arstechnica.com,Female,26.181.170.51
114,Von,Millen,vmillen35@artisteer.com,Male,186.69.247.253
115,Lyssa,MacMenemy,lmacmenemy36@amazon.co.jp,Female,255.109.59.164
116,Rosette,Bottinelli,rbottinelli37@nifty.com,Female,89.41.79.196
117,Kelwin,Stormouth,kstormouth38@home.pl,Male,242.220.147.219
118,Paulo,Froude,pfroude39@stanford.edu,Male,24.34.6.139
119,Maximilien,Hartnup,mhartnup3a@yahoo.co.jp,Male,99.56.30.182
120,Christiano,Mallock,cmallock3b@exblog.jp,Male,199.30.170.191
121,Eulalie,Eskell,eeskell3c@cpanel.net,Female,10.51.241.247
122,Mitchael,Heisler,mheisler3d@statcounter.com,Male,12.167.237.113
123,Vevay,Werendell,vwerendell3e@geocities.com,Female,20.21.108.35
124,Amelie,Toffanini,atoffanini3f@state.tx.us,Female,166.91.218.154
125,Chester,Gierck,cgierck3g@nsw.gov.au,Male,192.223.246.127
126,Hunter,Wink,hwink3h@opensource.org,Male,28.226.235.95
127,Ozzy,Bernadzki,obernadzki3i@irs.gov,Male,73.163.45.232
128,Karolina,Meanwell,kmeanwell3j@usnews.com,Female,5.163.19.250
129,Worthington,Peagram,wpeagram3k@fema.gov,Male,83.185.148.35
130,Humfrid,Vuitte,hvuitte3l@feedburner.com,Male,116.15.131.192
131,Shelbi,Sturges,ssturges3m@gmpg.org,Female,67.173.251.128
132,Danni,Trott,dtrott3n@deliciousdays.com,Female,145.242.196.70
133,Denis,McNamee,dmcnamee3o@devhub.com,Male,103.140.84.248
134,Gonzalo,Bythell,gbythell3p@mail.ru,Male,49.168.7.53
135,Clarke,McDool,cmcdool3q@alibaba.com,Male,115.104.29.51
136,Fonsie,Andretti,fandretti3r@nih.gov,Male,122.224.86.5
137,Debbi,Remington,dremington3s@shareasale.com,Female,73.47.122.65
138,Lazar,Bamforth,lbamforth3t@so-net.ne.jp,Male,22.157.250.68
139,Emlyn,Greasty,egreasty3u@addtoany.com,Male,106.212.135.112
140,Helaina,Igounet,higounet3v@tinyurl.com,Female,243.78.120.161
141,Alana,Skentelbery,askentelbery3w@google.pl,Female,160.192.135.52
142,Miriam,Kinker,mkinker3x@newyorker.com,Female,32.206.49.88
143,Leupold,Emmison,lemmison3y@dyndns.org,Bigender,94.165.135.27
144,Sada,Hebner,shebner3z@unesco.org,Female,241.50.76.240
145,Chiarra,Puleston,cpuleston40@yandex.ru,Non-binary,173.219.64.52
146,Elihu,Sherrocks,esherrocks41@shop-pro.jp,Male,173.4.21.238
147,Peterus,Stockton,pstockton42@va.gov,Genderfluid,112.62.153.238
148,Ludovico,Jecock,ljecock43@xrea.com,Male,19.2.16.120
149,Drud,Speck,dspeck44@guardian.co.uk,Male,193.232.110.53
150,Perkin,Giacovazzo,pgiacovazzo45@ucsd.edu,Male,50.57.206.231
151,Cacilia,Vayro,cvayro46@usnews.com,Female,66.77.103.139
152,Caterina,Thunderman,cthunderman47@plala.or.jp,Genderqueer,199.254.78.246
153,Iris,Maudlin,imaudlin48@163.com,Female,39.243.114.24
154,Chic,Ranvoise,cranvoise49@ask.com,Male,90.242.163.184
155,Aigneis,Hellicar,ahellicar4a@accuweather.com,Female,179.68.227.36
156,Noby,Braycotton,nbraycotton4b@gmpg.org,Male,19.179.243.108
157,Bendite,Drain,bdrain4c@live.com,Female,114.173.133.248
158,Lanni,Nutkins,lnutkins4d@usgs.gov,Female,223.133.81.198
159,Odille,Cardoso,ocardoso4e@exblog.jp,Female,45.141.153.97
160,Roma,Wadesworth,rwadesworth4f@plala.or.jp,Male,83.252.249.155
161,Melisse,Alliberton,malliberton4g@diigo.com,Female,43.255.19.238
162,Reggie,Butner,rbutner4h@zimbio.com,Female,87.94.131.113
163,Berkley,Degoe,bdegoe4i@netscape.com,Male,185.60.124.63
164,Gil,Ogers,gogers4j@jimdo.com,Male,56.223.78.201
165,Johnette,Gawn,jgawn4k@dot.gov,Genderqueer,3.147.248.236
166,Onfre,Winnister,owinnister4l@archive.org,Male,93.200.161.12
167,Dilly,Windrass,dwindrass4m@alexa.com,Male,44.126.72.138
168,Mac,Aire,maire4n@aol.com,Male,71.116.134.213
169,Marysa,Lawey,mlawey4o@instagram.com,Female,169.64.111.185
170,Jeana,Pomfrett,jpomfrett4p@utexas.edu,Female,204.114.115.65
171,Carilyn,Garrod,cgarrod4q@hud.gov,Female,197.118.210.159
172,Nataniel,McGerr,nmcgerr4r@yolasite.com,Male,151.234.25.214
173,Odelinda,Leupold,oleupold4s@drupal.org,Female,9.78.23.134
174,Evelyn,Davies,edavies4t@discuz.net,Male,104.189.71.97
175,Sayre,Kanzler,skanzler4u@mediafire.com,Male,90.72.44.128
176,Prissie,Goodee,pgoodee4v@un.org,Female,106.244.238.170
177,Percy,Trainor,ptrainor4w@free.fr,Genderfluid,241.149.120.18
178,Ignace,Bavister,ibavister4x@topsy.com,Genderfluid,206.88.49.88
179,Arvin,Dockray,adockray4y@dyndns.org,Male,123.92.204.22
180,Asia,Sykora,asykora4z@baidu.com,Female,152.53.216.211
181,Abdul,Dany,adany50@walmart.com,Male,90.159.251.108
182,Elysha,MacMaster,emacmaster51@discovery.com,Female,47.121.33.164
183,Sutton,Lamberti,slamberti52@nymag.com,Male,8.23.112.131
184,Jeane,Dugmore,jdugmore53@biblegateway.com,Female,170.117.163.142
185,Rivi,Ferneley,rferneley54@cbsnews.com,Female,197.49.69.98
186,Mollee,Mulchrone,mmulchrone55@eventbrite.com,Agender,194.27.254.160
187,Clywd,Bercher,cbercher56@tinypic.com,Male,114.162.184.164
188,Inger,Petrenko,ipetrenko57@nhs.uk,Male,206.130.41.251
189,Alvis,Mochan,amochan58@flavors.me,Male,219.91.224.118
190,Karalynn,Adey,kadey59@purevolume.com,Female,157.183.102.6
191,Ian,Bugdale,ibugdale5a@utexas.edu,Male,40.198.10.154
192,Graehme,Netley,gnetley5b@ed.gov,Male,15.190.52.217
193,Haven,Wichard,hwichard5c@oracle.com,Male,71.247.26.169
194,Goldie,Brastead,gbrastead5d@list-manage.com,Genderqueer,177.183.119.5
195,Hi,Genike,hgenike5e@bluehost.com,Male,253.68.28.91
196,Molly,Forlonge,mforlonge5f@dropbox.com,Female,44.19.156.13
197,Ruthi,Hurche,rhurche5g@mayoclinic.com,Female,146.233.19.200
198,Abbe,Shory,ashory5h@wikipedia.org,Male,19.4.95.10
199,Inger,Fenelow,ifenelow5i@flickr.com,Male,181.187.108.73
200,Marita,Petracek,mpetracek5j@sohu.com,Female,26.186.147.69
201,Omar,Iowarch,oiowarch5k@disqus.com,Male,168.175.73.230
202,Arlin,Bailey,abailey5l@sfgate.com,Male,6.127.101.132
203,Harrison,Yakutin,hyakutin5m@newyorker.com,Male,249.175.245.163
204,Aurelia,Formigli,aformigli5n@nature.com,Female,191.17.66.108
205,Sherlocke,Rembrant,srembrant5o@vk.com,Male,13.29.154.3
206,Katina,Umpleby,kumpleby5p@delicious.com,Female,239.143.194.55
207,Laughton,Yuryatin,lyuryatin5q@google.ca,Male,145.158.25.200
208,Dalli,Snowsill,dsnowsill5r@123-reg.co.uk,Male,184.186.188.161
209,Fayth,Flemyng,fflemyng5s@yale.edu,Female,235.21.93.20
210,Cindee,Noriega,cnoriega5t@hatena.ne.jp,Female,196.80.73.124
211,Emery,Godbert,egodbert5u@simplemachines.org,Male,172.171.44.13
212,Gerladina,Lapre,glapre5v@macromedia.com,Non-binary,66.128.168.230
213,Sloane,Johl,sjohl5w@i2i.jp,Male,112.121.13.199
214,Koenraad,Edmonston,kedmonston5x@live.com,Male,55.192.152.87
215,Sholom,Fouch,sfouch5y@youtu.be,Male,198.235.108.45
216,Jocko,Hitscher,jhitscher5z@census.gov,Male,89.194.17.192
217,Audy,Gabites,agabites60@buzzfeed.com,Female,251.71.165.107
218,Gladi,Noriega,gnoriega61@paypal.com,Female,7.212.49.135
219,Josee,Swain,jswain62@ocn.ne.jp,Female,252.107.226.192
220,Andros,O'Canavan,aocanavan63@dagondesign.com,Male,97.199.100.255
221,Bronson,Fonte,bfonte64@sitemeter.com,Male,96.78.254.206
222,Katee,Nethercott,knethercott65@barnesandnoble.com,Female,11.159.166.59
223,Nerte,Ninnoli,nninnoli66@creativecommons.org,Female,114.60.232.28
224,Verge,Corinton,vcorinton67@salon.com,Male,9.184.180.123
225,Annelise,Kacheller,akacheller68@latimes.com,Female,64.80.59.66
226,Dareen,Jambrozek,djambrozek69@shareasale.com,Female,125.69.10.90
227,Arlee,Dennert,adennert6a@telegraph.co.uk,Female,63.27.165.187
228,Enoch,Latchmore,elatchmore6b@webnode.com,Male,29.139.116.110
229,Rania,Vauter,rvauter6c@squidoo.com,Female,217.39.26.217
230,Nikolas,Withrington,nwithrington6d@princeton.edu,Genderfluid,214.51.52.106
231,Osborn,Ottey,oottey6e@liveinternet.ru,Genderfluid,220.45.24.95
232,Fania,Aust,faust6f@wikimedia.org,Female,20.223.182.16
233,Moishe,O'Deegan,modeegan6g@chicagotribune.com,Genderfluid,81.31.10.226
234,Regan,Inglesfield,ringlesfield6h@baidu.com,Female,227.28.117.222
235,Magdaia,Gentry,mgentry6i@illinois.edu,Female,224.233.164.5
236,Teodorico,Weighell,tweighell6j@nba.com,Male,25.251.192.24
237,Hewie,Titlow,htitlow6k@com.com,Male,88.63.211.29
238,Mead,Gerardeaux,mgerardeaux6l@prweb.com,Male,114.105.163.216
239,Gratiana,Esland,gesland6m@ehow.com,Female,159.247.202.161
240,Con,Stannard,cstannard6n@skyrock.com,Female,216.157.95.244
241,Zara,Brunini,zbrunini6o@mashable.com,Female,38.161.89.193
242,Libby,Bremond,lbremond6p@cnet.com,Female,251.105.139.173
243,Will,Ferrierio,wferrierio6q@meetup.com,Male,151.187.231.230
244,Katey,Allbut,kallbut6r@twitpic.com,Female,5.6.20.211
245,Meier,Dedney,mdedney6s@nsw.gov.au,Male,204.255.33.50
246,Rosana,Sherrock,rsherrock6t@naver.com,Female,10.108.204.170
247,Tawsha,Tosspell,ttosspell6u@aboutads.info,Female,58.74.78.178
248,Flin,Murley,fmurley6v@vimeo.com,Male,172.250.100.141
249,Teri,Clemson,tclemson6w@example.com,Genderfluid,196.176.101.130
250,Ferrel,Scorton,fscorton6x@goo.ne.jp,Male,172.248.230.96
251,Isidro,Lalevee,ilalevee6y@who.int,Male,167.35.25.105
252,Jacinta,Crudgington,jcrudgington6z@usa.gov,Female,183.254.194.115
253,Stormi,Giacopetti,sgiacopetti70@godaddy.com,Female,21.213.6.107
254,Rebe,Laite,rlaite71@wufoo.com,Female,203.84.220.143
255,Cesaro,Hentzer,chentzer72@woothemes.com,Male,92.191.14.199
256,Merv,Plackstone,mplackstone73@blinklist.com,Male,131.185.159.219
257,Shelby,Creed,screed74@si.edu,Female,131.159.183.11
258,Cecile,Le Gall,clegall75@slideshare.net,Female,133.20.135.170
259,Hayward,Cowland,hcowland76@washingtonpost.com,Male,204.74.249.80
260,Hilary,Macewan,hmacewan77@jalbum.net,Female,185.169.9.113
261,Alana,Lorentz,alorentz78@godaddy.com,Female,206.115.107.66
262,Skyler,Parell,sparell79@privacy.gov.au,Male,49.112.162.34
263,Dionisio,Danilchev,ddanilchev7a@theguardian.com,Male,42.42.8.63
264,Robbyn,Riddles,rriddles7b@tuttocitta.it,Female,130.140.169.55
265,Bennett,Hannaby,bhannaby7c@webeden.co.uk,Male,165.60.245.72
266,Bat,Jovanovic,bjovanovic7d@cpanel.net,Male,16.24.116.253
267,Katerina,Gascoyen,kgascoyen7e@webnode.com,Female,69.81.210.107
268,Sada,Lowles,slowles7f@time.com,Female,215.165.12.77
269,Mina,Gready,mgready7g@google.co.uk,Female,184.75.199.236
270,Serena,Feyer,sfeyer7h@dell.com,Female,30.49.237.103
271,Ranice,Thatcher,rthatcher7i@ebay.com,Polygender,34.55.183.218
272,Alyson,Youngs,ayoungs7j@jimdo.com,Female,201.238.89.101
273,Glenden,Dongate,gdongate7k@irs.gov,Genderqueer,63.159.154.100
274,Addi,De Angelo,adeangelo7l@europa.eu,Female,66.254.38.23
275,Faunie,Kitney,fkitney7m@nydailynews.com,Female,214.131.64.33
276,Bar,Francke,bfrancke7n@nytimes.com,Male,127.251.75.21
277,Craggie,Burhouse,cburhouse7o@washingtonpost.com,Male,181.250.158.132
278,Lek,Larchier,llarchier7p@marriott.com,Male,0.161.94.115
279,Montague,Lorente,mlorente7q@cam.ac.uk,Male,94.47.49.41
280,Car,Macconachy,cmacconachy7r@ifeng.com,Male,8.100.225.36
281,Leelah,Lumsdon,llumsdon7s@xrea.com,Female,191.34.201.214
282,Rosanna,Stoffler,rstoffler7t@reddit.com,Female,65.151.57.137
283,Stephanus,Bickerstaffe,sbickerstaffe7u@odnoklassniki.ru,Male,222.199.112.242
284,Borden,Cumesky,bcumesky7v@woothemes.com,Male,197.170.223.11
285,Zarla,Bravington,zbravington7w@google.pl,Female,112.140.238.238
286,Junia,Aberdalgy,jaberdalgy7x@networksolutions.com,Female,16.12.158.74
287,Olenka,Vogelein,ovogelein7y@cocolog-nifty.com,Female,17.35.2.211
288,Sascha,Derrett,sderrett7z@mediafire.com,Female,219.60.123.180
289,Harley,Phettis,hphettis80@miibeian.gov.cn,Female,71.244.125.95
290,Kesley,Fryers,kfryers81@desdev.cn,Female,6.241.184.109
291,Nerti,Scraggs,nscraggs82@sina.com.cn,Genderqueer,218.220.217.67
292,Geri,Alleyne,galleyne83@icq.com,Male,110.159.57.5
293,Marcelo,Canceller,mcanceller84@irs.gov,Male,116.254.55.191
294,Chick,Gebuhr,cgebuhr85@theglobeandmail.com,Male,4.56.115.174
295,Decca,Cairns,dcairns86@canalblog.com,Male,69.250.114.21
296,Hestia,Karys,hkarys87@paypal.com,Female,98.134.80.82
297,Mommy,Milius,mmilius88@arizona.edu,Female,192.253.221.40
298,Mort,Jarret,mjarret89@sphinn.com,Male,163.204.165.6
299,Monte,Parrot,mparrot8a@yandex.ru,Male,220.182.67.4
300,Nickolaus,Renner,nrenner8b@w3.org,Male,103.58.51.166
301,Cinnamon,Malyj,cmalyj8c@cam.ac.uk,Female,229.50.13.145
302,Lona,Coey,lcoey8d@hp.com,Female,29.158.189.249
303,Gabriel,Prestedge,gprestedge8e@goodreads.com,Male,69.168.133.73
304,Dorita,Bour,dbour8f@odnoklassniki.ru,Female,179.169.132.191
305,Claudia,Leathwood,cleathwood8g@so-net.ne.jp,Female,5.53.250.6
306,Sarita,Scranedge,sscranedge8h@bloomberg.com,Agender,18.21.216.8
307,Kennith,Gallyhaock,kgallyhaock8i@columbia.edu,Male,180.206.152.118
308,Morissa,Gascoyen,mgascoyen8j@cbslocal.com,Female,26.97.246.181
309,Darelle,Newham,dnewham8k@163.com,Agender,188.187.180.57
310,Alair,Tomczynski,atomczynski8l@a8.net,Male,240.33.180.152
311,Keir,Frondt,kfrondt8m@fema.gov,Male,159.204.182.97
312,Dru,Glencrash,dglencrash8n@ca.gov,Genderqueer,103.150.228.76
313,Oralia,Coltan,ocoltan8o@hud.gov,Female,43.18.69.229
314,Pen,Briatt,pbriatt8p@shop-pro.jp,Genderqueer,68.23.248.223
315,Diahann,Pleasaunce,dpleasaunce8q@globo.com,Female,105.203.3.168
316,Wilek,Temperton,wtemperton8r@hibu.com,Male,174.88.111.202
317,Garey,Haizelden,ghaizelden8s@princeton.edu,Male,185.3.146.151
318,Zerk,Holt,zholt8t@taobao.com,Male,245.235.84.167
319,Roosevelt,Povah,rpovah8u@vistaprint.com,Male,27.46.191.189
320,Emerson,Livesay,elivesay8v@fotki.com,Male,249.62.79.34
321,Blondie,Costen,bcosten8w@infoseek.co.jp,Female,130.25.22.185
322,Randy,LLelweln,rllelweln8x@disqus.com,Male,215.185.67.190
323,Lyndsay,Zimmermeister,lzimmermeister8y@storify.com,Female,98.97.16.37
324,Anson,Harden,aharden8z@phoca.cz,Male,4.57.110.179
325,Jdavie,Downage,jdownage90@stumbleupon.com,Male,152.213.14.176
326,Julieta,Esslement,jesslement91@salon.com,Female,62.231.47.195
327,Emili,Daen,edaen92@ucoz.com,Female,205.147.75.175
328,Cordy,Desforges,cdesforges93@bravesites.com,Male,106.113.203.181
329,Carolynn,Orriss,corriss94@issuu.com,Female,130.128.140.189
330,Ede,Rizziello,erizziello95@theguardian.com,Genderfluid,87.23.25.15
331,Nixie,De Cruze,ndecruze96@xrea.com,Female,20.33.141.170
332,Rosalie,Kinker,rkinker97@geocities.com,Female,69.70.107.254
333,Layton,Ricca,lricca98@google.com.hk,Polygender,56.225.3.19
334,Javier,Baversor,jbaversor99@house.gov,Genderfluid,40.252.63.41
335,Lilly,Blurton,lblurton9a@weibo.com,Female,138.233.252.76
336,Flossy,Lestor,flestor9b@vk.com,Female,81.162.52.145
337,Odella,Beech,obeech9c@google.es,Female,144.161.27.198
338,Winnie,Brinded,wbrinded9d@narod.ru,Female,254.181.2.180
339,Koral,Gask,kgask9e@prnewswire.com,Female,4.214.51.109
340,Ashly,Scraney,ascraney9f@hao123.com,Agender,92.5.78.190
341,Jacquenette,Lind,jlind9g@hhs.gov,Female,219.13.248.222
342,Audy,Leidl,aleidl9h@gravatar.com,Female,66.250.89.63
343,Francine,McWhorter,fmcwhorter9i@pbs.org,Female,254.114.128.57
344,Sylas,Barette,sbarette9j@nasa.gov,Male,124.17.37.40
345,Bailey,Hamley,bhamley9k@smh.com.au,Male,247.158.46.51
346,Maximilian,Satyford,msatyford9l@t-online.de,Male,232.57.57.246
347,Randy,Gillard,rgillard9m@accuweather.com,Male,159.9.66.84
348,Myrah,Ickov,mickov9n@ycombinator.com,Female,227.159.49.14
349,Findley,Esslemont,fesslemont9o@businessinsider.com,Male,61.23.214.178
350,Alyss,Verriour,averriour9p@ibm.com,Female,178.136.6.189
351,Isa,Pidler,ipidler9q@typepad.com,Male,135.212.99.105
352,Emmanuel,Dutnell,edutnell9r@facebook.com,Male,203.220.209.68
353,Sabine,Consterdine,sconsterdine9s@chron.com,Female,188.69.182.49
354,Mehetabel,Keston,mkeston9t@nationalgeographic.com,Female,204.180.154.62
355,Nappie,Challoner,nchalloner9u@indiegogo.com,Male,122.134.185.234
356,Carolann,Alessandretti,calessandretti9v@clickbank.net,Female,213.143.92.104
357,Gabriello,Sones,gsones9w@youtube.com,Male,53.134.26.128
358,Cherye,MacMeanma,cmacmeanma9x@studiopress.com,Female,133.122.74.187
359,Franciska,Brownlow,fbrownlow9y@taobao.com,Female,70.241.217.251
360,Carver,Latta,clatta9z@4shared.com,Male,230.63.246.218
361,Nanine,Haddington,nhaddingtona0@cyberchimps.com,Female,247.92.205.92
362,Verene,Doumer,vdoumera1@deviantart.com,Female,16.42.253.170
363,Huntington,Kensley,hkensleya2@ning.com,Non-binary,130.12.107.87
364,Riccardo,Lodovichi,rlodovichia3@sina.com.cn,Male,94.233.91.179
365,Carena,Baldery,cbalderya4@a8.net,Female,204.171.235.113
366,Pebrook,Dudmarsh,pdudmarsha5@cnet.com,Male,53.209.218.186
367,Catlee,Buckham,cbuckhama6@marketwatch.com,Female,117.110.132.233
368,Bellina,Elldred,belldreda7@facebook.com,Female,172.199.114.179
369,Benedikta,Matteoli,bmatteolia8@i2i.jp,Female,46.107.63.85
370,Dennison,Carlozzi,dcarlozzia9@google.cn,Male,103.97.1.193
371,Natala,Sollett,nsollettaa@census.gov,Female,92.102.124.40
372,Vi,Sicha,vsichaab@mapy.cz,Agender,169.214.125.128
373,Valentina,Bunson,vbunsonac@dagondesign.com,Female,98.115.19.113
374,Rosco,Northcott,rnorthcottad@usda.gov,Male,159.95.12.40
375,Natassia,Pankethman,npankethmanae@bing.com,Female,92.184.22.94
376,Teriann,O'Halloran,tohalloranaf@who.int,Female,216.214.224.130
377,Arabele,Wykes,awykesag@is.gd,Female,123.200.161.31
378,Kaile,Stanwix,kstanwixah@bluehost.com,Genderfluid,190.203.160.152
379,Dorice,Etter,detterai@domainmarket.com,Female,100.238.185.193
380,Lorine,Davidsson,ldavidssonaj@google.ru,Female,146.57.152.110
381,Wheeler,Wyman,wwymanak@berkeley.edu,Male,50.58.165.174
382,Cris,Edis,cedisal@imgur.com,Female,243.103.255.96
383,Bernelle,Jakubczyk,bjakubczykam@creativecommons.org,Polygender,93.16.144.232
384,Mirilla,Bythell,mbythellan@vimeo.com,Female,25.73.33.154
385,Sal,Jordi,sjordiao@desdev.cn,Female,125.146.43.51
386,Daile,Colwill,dcolwillap@toplist.cz,Female,202.93.228.127
387,Silva,Byard,sbyardaq@delicious.com,Female,46.158.67.151
388,Christoforo,Blissitt,cblissittar@slideshare.net,Male,21.35.140.102
389,Rufus,Sher,rsheras@multiply.com,Male,185.24.108.179
390,Vern,Maus,vmausat@huffingtonpost.com,Genderqueer,199.251.106.151
391,Hyatt,Porteous,hporteousau@reuters.com,Male,193.197.55.215
392,Odelle,Aubin,oaubinav@is.gd,Female,176.93.16.82
393,Nealy,Laxson,nlaxsonaw@usatoday.com,Male,9.239.28.95
394,Amelina,McKevany,amckevanyax@pen.io,Female,56.61.39.251
395,Taffy,Ganny,tgannyay@twitpic.com,Female,10.209.128.233
396,Friederike,Grimbleby,fgrimblebyaz@upenn.edu,Female,240.19.185.90
397,Griffin,Skatcher,gskatcherb0@skyrock.com,Male,194.50.50.72
398,Forster,Shortan,fshortanb1@google.fr,Male,72.4.87.193
399,Noemi,Saur,nsaurb2@issuu.com,Female,48.4.51.84
400,Doria,Lowell,dlowellb3@weibo.com,Female,186.106.151.219
401,Dusty,MacPake,dmacpakeb4@homestead.com,Bigender,246.199.67.198
402,Cindee,Forson,cforsonb5@prlog.org,Genderfluid,197.236.238.91
403,Lucila,Potebury,lpoteburyb6@blogger.com,Female,2.161.95.169
404,Felicle,Vogeler,fvogelerb7@mlb.com,Female,235.148.158.65
405,Rufe,Sign,rsignb8@ihg.com,Male,32.190.170.212
406,Lorianna,Giacometti,lgiacomettib9@webeden.co.uk,Female,76.106.79.115
407,Lauraine,Ginner,lginnerba@boston.com,Female,33.181.171.177
408,Klarrisa,Battlestone,kbattlestonebb@cam.ac.uk,Female,228.2.237.154
409,Dell,Gummoe,dgummoebc@stumbleupon.com,Bigender,60.64.43.164
410,Marlow,Rubinovici,mrubinovicibd@csmonitor.com,Male,86.146.82.105
411,Nonnah,Nobles,nnoblesbe@godaddy.com,Female,134.136.30.181
412,Marion,Tedahl,mtedahlbf@bbb.org,Female,184.115.128.82
413,Cody,Prestney,cprestneybg@fastcompany.com,Male,236.132.239.187
414,Roth,Isac,risacbh@purevolume.com,Male,219.193.222.155
415,Graeme,Kittle,gkittlebi@xing.com,Male,163.61.103.99
416,Glynda,De Meyer,gdemeyerbj@discuz.net,Female,60.42.44.73
417,Roscoe,Heddy,rheddybk@imageshack.us,Genderqueer,8.58.77.140
418,Austen,Doble,adoblebl@bbb.org,Male,105.130.229.38
419,Lesli,Witherdon,lwitherdonbm@histats.com,Female,127.255.124.53
420,Granger,Handlin,ghandlinbn@nbcnews.com,Male,233.223.251.48
421,Kilian,Verity,kveritybo@nature.com,Male,170.214.153.165
422,Vevay,Bramer,vbramerbp@admin.ch,Female,169.150.149.213
423,Kenyon,Coultass,kcoultassbq@umich.edu,Male,167.21.122.99
424,Martita,Guerrero,mguerrerobr@ovh.net,Female,98.122.49.14
425,Lane,Towers,ltowersbs@symantec.com,Male,98.163.101.152
426,Valli,Gayle,vgaylebt@google.cn,Female,171.61.198.19
427,Isaac,Shouler,ishoulerbu@wikia.com,Male,200.187.4.125
428,Bernette,Baynham,bbaynhambv@sitemeter.com,Female,134.128.96.187
429,Thornie,Toby,ttobybw@paypal.com,Male,76.36.16.181
430,Zulema,Kestin,zkestinbx@census.gov,Female,249.196.216.99
431,Durward,Romanin,dromaninby@nymag.com,Male,145.241.61.80
432,Bing,Gyurkovics,bgyurkovicsbz@list-manage.com,Male,171.91.94.217
433,Tedie,McCreedy,tmccreedyc0@tamu.edu,Male,47.206.140.15
434,Ahmed,Pavelka,apavelkac1@soundcloud.com,Male,65.48.127.208
435,Briana,Poizer,bpoizerc2@buzzfeed.com,Female,166.245.227.14
436,Linnet,Figure,lfigurec3@salon.com,Female,89.224.195.1
437,Bethanne,Sautter,bsautterc4@devhub.com,Female,195.163.27.136
438,Richy,Leades,rleadesc5@examiner.com,Male,218.223.76.191
439,Lynea,Nowick,lnowickc6@bing.com,Polygender,107.3.24.17
440,Jacqui,Delahunty,jdelahuntyc7@stumbleupon.com,Female,19.233.80.195
441,Garth,Lukock,glukockc8@moonfruit.com,Male,38.113.11.35
442,Koralle,Fishpoole,kfishpoolec9@ibm.com,Female,186.11.80.129
443,Rene,Grigorio,rgrigorioca@shareasale.com,Female,213.231.169.107
444,Meryl,Gwynn,mgwynncb@sphinn.com,Female,180.1.171.205
445,Stillman,Denacamp,sdenacampcc@mapquest.com,Male,223.249.195.145
446,Dorian,Rasher,drashercd@blogger.com,Female,144.106.213.46
447,Nydia,Whitham,nwhithamce@ucoz.com,Female,70.61.119.29
448,Nannie,Armfirld,narmfirldcf@nifty.com,Female,52.189.71.212
449,Donella,Licciardiello,dlicciardiellocg@ox.ac.uk,Female,132.236.39.231
450,Sybilla,Neilan,sneilanch@independent.co.uk,Female,24.31.137.188
451,Maddalena,Gatiss,mgatissci@cdc.gov,Female,41.43.132.59
452,Shelbi,Kordes,skordescj@bravesites.com,Female,48.250.189.134
453,Harlene,Aizlewood,haizlewoodck@shutterfly.com,Female,35.166.181.148
454,Currey,Don,cdoncl@cbc.ca,Male,65.90.253.1
455,Wilma,Whetton,wwhettoncm@upenn.edu,Female,131.73.84.170
456,Matelda,Waber,mwabercn@unicef.org,Female,118.119.147.81
457,Sula,Dyster,sdysterco@domainmarket.com,Female,249.148.17.121
458,Chrissie,Wilkins,cwilkinscp@bbb.org,Genderfluid,161.32.6.196
459,Agathe,Worboys,aworboyscq@statcounter.com,Female,224.67.32.249
460,Matias,Bewly,mbewlycr@a8.net,Male,66.170.121.244
461,Mikkel,Porte,mportecs@csmonitor.com,Male,88.198.111.253
462,Evelyn,Kytley,ekytleyct@cocolog-nifty.com,Female,154.141.108.17
463,Paquito,Pelman,ppelmancu@cocolog-nifty.com,Male,207.182.13.134
464,Vail,Tilberry,vtilberrycv@slideshare.net,Male,138.185.208.163
465,Alanna,Mounce,amouncecw@foxnews.com,Female,134.163.44.194
466,Salli,Stichall,sstichallcx@opensource.org,Female,170.32.76.75
467,Stesha,Sherry,ssherrycy@fema.gov,Female,179.111.164.30
468,Basilius,Pollicott,bpollicottcz@nifty.com,Male,131.149.17.240
469,Courtney,Wicken,cwickend0@indiatimes.com,Male,130.39.69.37
470,Jeannette,Lawlie,jlawlied1@fema.gov,Female,62.9.72.65
471,Grace,Tomkies,gtomkiesd2@fc2.com,Male,111.219.199.207
472,Letti,Mungham,lmunghamd3@hugedomains.com,Female,187.133.86.186
473,Addie,Hackin,ahackind4@infoseek.co.jp,Male,50.56.186.106
474,Gamaliel,Beales,gbealesd5@google.ca,Male,60.27.150.6
475,Fannie,Bidwell,fbidwelld6@ocn.ne.jp,Female,235.247.119.86
476,Lammond,Fitt,lfittd7@taobao.com,Male,127.48.246.122
477,Korella,Woolis,kwoolisd8@diigo.com,Polygender,102.54.169.23
478,Maitilde,Isham,mishamd9@mtv.com,Female,242.170.245.23
479,Jimmy,Beards,jbeardsda@bandcamp.com,Male,226.132.67.7
480,Delores,O'Farris,dofarrisdb@amazon.co.uk,Female,248.92.118.116
481,Leopold,Keats,lkeatsdc@businesswire.com,Agender,64.196.232.219
482,Gizela,Hawthorn,ghawthorndd@baidu.com,Female,127.46.214.7
483,Davey,Kunzler,dkunzlerde@buzzfeed.com,Bigender,101.44.28.126
484,Shanie,Petyakov,spetyakovdf@bbb.org,Female,97.190.93.99
485,Conn,Grollmann,cgrollmanndg@about.me,Male,54.206.255.22
486,Arel,Aubrun,aaubrundh@deviantart.com,Male,113.68.230.153
487,Petunia,Govenlock,pgovenlockdi@google.co.uk,Female,69.103.53.156
488,Sigmund,Bygrave,sbygravedj@opensource.org,Male,76.99.56.184
489,Giulia,Lazenbury,glazenburydk@bigcartel.com,Female,207.206.211.47
490,Chancey,Nutkin,cnutkindl@twitter.com,Male,235.19.181.75
491,Thornie,O'Finan,tofinandm@independent.co.uk,Male,45.182.140.30
492,Nita,Exelby,nexelbydn@telegraph.co.uk,Agender,70.101.241.44
493,Kaleena,Amesbury,kamesburydo@senate.gov,Female,239.25.232.112
494,Brandyn,Rabbitt,brabbittdp@paginegialle.it,Male,200.184.76.197
495,Bryn,Petrelli,bpetrellidq@hao123.com,Female,58.197.233.114
496,Clarence,Blint,cblintdr@nba.com,Male,7.184.129.235
497,Bambi,Tapping,btappingds@so-net.ne.jp,Female,253.41.211.106
498,Leila,Sommerlin,lsommerlindt@youtube.com,Female,103.127.74.70
499,Jack,Rutt,jruttdu@prlog.org,Male,246.1.119.66
500,Rosabel,Piddlesden,rpiddlesdendv@dropbox.com,Female,103.170.96.73
501,Gertrude,Dagnan,gdagnandw@ifeng.com,Female,114.210.66.74
502,Ransom,Filintsev,rfilintsevdx@hao123.com,Male,152.34.105.236
503,Catriona,Rootham,croothamdy@geocities.com,Female,89.8.197.217
504,Hildegaard,Gaydon,hgaydondz@weather.com,Female,181.165.190.27
505,Regan,Awcoate,rawcoatee0@skyrock.com,Agender,224.207.126.30
506,Selia,Lossman,slossmane1@wikipedia.org,Non-binary,111.63.54.169
507,Blair,Paladino,bpaladinoe2@msu.edu,Female,243.74.217.91
508,Elnore,Crump,ecrumpe3@nih.gov,Female,15.128.246.140
509,Theodor,Mc Curlye,tmccurlyee4@1688.com,Male,235.174.196.113
510,Eduard,Greave,egreavee5@usa.gov,Male,168.95.64.209
511,Colas,Birkett,cbirkette6@squarespace.com,Male,231.133.60.246
512,Bentlee,Mager,bmagere7@amazon.co.jp,Male,22.218.27.111
513,Margaretta,Farlham,mfarlhame8@ehow.com,Female,44.221.15.155
514,Adolphe,McNiven,amcnivene9@paginegialle.it,Male,252.54.16.212
515,Rourke,Carmo,rcarmoea@bizjournals.com,Male,146.179.35.55
516,Billy,Hinemoor,bhinemooreb@thetimes.co.uk,Genderfluid,99.3.65.56
517,Forester,Gravey,fgraveyec@wikia.com,Male,124.34.53.153
518,Jean,Gerger,jgergered@ihg.com,Female,61.164.229.211
519,Prince,Simnett,psimnettee@ocn.ne.jp,Genderqueer,210.110.150.144
520,Miner,Jado,mjadoef@umn.edu,Male,247.73.25.51
521,Kleon,Moyles,kmoyleseg@huffingtonpost.com,Male,6.44.195.197
522,Isak,Bellsham,ibellshameh@google.it,Male,38.167.97.50
523,Muffin,Hamelyn,mhamelynei@deliciousdays.com,Male,89.149.218.114
524,Wilone,O'Doran,wodoranej@bravesites.com,Female,113.210.176.201
525,Xymenes,Steinhammer,xsteinhammerek@usa.gov,Male,157.251.81.71
526,Nicky,de Grey,ndegreyel@1688.com,Bigender,81.27.26.81
527,Joete,Dominighi,jdominighiem@google.fr,Female,224.200.23.230
528,Gail,Bromet,gbrometen@spiegel.de,Female,36.103.56.130
529,Gene,Mintram,gmintrameo@abc.net.au,Male,37.132.112.15
530,Obidiah,Brumham,obrumhamep@shareasale.com,Male,163.76.241.145
531,Marsh,Donkersley,mdonkersleyeq@twitter.com,Male,157.109.198.96
532,Tome,Beville,tbevilleer@studiopress.com,Male,148.5.222.255
533,Fedora,Scamadine,fscamadinees@census.gov,Female,107.46.155.157
534,Doroteya,Blakey,dblakeyet@eventbrite.com,Female,86.162.178.34
535,Heddie,Bendell,hbendelleu@accuweather.com,Female,106.139.242.12
536,Nye,McElmurray,nmcelmurrayev@scribd.com,Male,26.220.92.101
537,See,Watkinson,swatkinsonew@craigslist.org,Male,176.206.175.110
538,Allis,Stollenbeck,astollenbeckex@nsw.gov.au,Agender,28.109.8.184
539,Thomasina,Sweetenham,tsweetenhamey@microsoft.com,Female,44.135.219.111
540,Emeline,Baitson,ebaitsonez@networksolutions.com,Genderfluid,134.190.142.241
541,Quinta,Bengal,qbengalf0@who.int,Female,189.73.188.9
542,Lynnell,Gallie,lgallief1@upenn.edu,Female,144.157.193.114
543,Berkie,Fechnie,bfechnief2@wiley.com,Male,135.84.38.130
544,Jack,Allery,jalleryf3@bravesites.com,Male,210.212.15.171
545,Shaina,Petlyura,spetlyuraf4@earthlink.net,Female,128.72.138.62
546,Diego,Swindley,dswindleyf5@kickstarter.com,Agender,45.42.130.165
547,Richardo,Hicklingbottom,rhicklingbottomf6@redcross.org,Male,173.19.168.57
548,Donella,Minney,dminneyf7@spotify.com,Female,171.135.221.72
549,Eimile,Cleaton,ecleatonf8@indiegogo.com,Female,76.13.29.249
550,Town,Thacke,tthackef9@thetimes.co.uk,Male,145.173.7.213
551,Jase,Leakner,jleaknerfa@artisteer.com,Male,9.137.219.124
552,Dehlia,Goodbur,dgoodburfb@statcounter.com,Female,103.53.221.244
553,Fonzie,Woodthorpe,fwoodthorpefc@mapquest.com,Male,86.169.159.148
554,Gianni,Coare,gcoarefd@over-blog.com,Male,207.114.206.26
555,Doe,Cuthbert,dcuthbertfe@unc.edu,Female,255.92.56.127
556,Bondy,Hartus,bhartusff@usatoday.com,Male,131.199.157.113
557,Berenice,Whiskin,bwhiskinfg@google.com.br,Female,6.199.83.102
558,Desiree,Folomkin,dfolomkinfh@bigcartel.com,Female,189.70.245.25
559,Sam,Harcourt,sharcourtfi@bloomberg.com,Genderqueer,67.224.242.157
560,Blythe,Klicher,bklicherfj@businessinsider.com,Female,248.228.229.224
561,Lacy,Spatoni,lspatonifk@gmpg.org,Female,80.198.136.158
562,Tallia,Wattam,twattamfl@google.co.jp,Female,157.226.42.113
563,Chrysa,Chappell,cchappellfm@eepurl.com,Female,154.189.101.97
564,Far,Anderbrugge,fanderbruggefn@storify.com,Male,225.192.220.57
565,Kyle,Nasey,knaseyfo@google.com,Male,171.189.16.80
566,Elsbeth,Scamadin,escamadinfp@sitemeter.com,Female,200.245.1.212
567,Antonie,Tysack,atysackfq@sciencedirect.com,Female,4.193.151.108
568,Brnaby,Beney,bbeneyfr@yandex.ru,Male,62.86.51.124
569,Murdoch,Stratford,mstratfordfs@virginia.edu,Male,29.52.88.39
570,Vivyanne,Pinney,vpinneyft@joomla.org,Female,89.15.221.150
571,Anjanette,Gorvette,agorvettefu@cafepress.com,Female,67.232.203.22
572,Martie,Ledgister,mledgisterfv@multiply.com,Female,103.95.122.61
573,Basile,Gligorijevic,bgligorijevicfw@amazon.com,Male,56.24.39.114
574,Piggy,Pigden,ppigdenfx@nyu.edu,Male,129.186.27.82
575,Aleta,Frugier,afrugierfy@yellowpages.com,Agender,113.225.30.161
576,Montague,Main,mmainfz@ucsd.edu,Male,93.94.83.159
577,Siegfried,Weeke,sweekeg0@harvard.edu,Male,30.121.149.128
578,Carey,Spieck,cspieckg1@state.tx.us,Female,221.183.92.21
579,Cayla,Gellier,cgellierg2@hp.com,Genderqueer,255.158.181.111
580,Thomasin,Dunstall,tdunstallg3@rambler.ru,Bigender,190.204.227.67
581,Bjorn,Jeffries,bjeffriesg4@vistaprint.com,Male,187.54.227.235
582,Neddie,Bambra,nbambrag5@wsj.com,Male,202.105.100.37
583,Becka,Vasyagin,bvasyaging6@facebook.com,Female,226.100.214.38
584,Seka,Lawler,slawlerg7@is.gd,Female,118.14.183.154
585,Cullie,Twist,ctwistg8@squidoo.com,Male,191.151.160.180
586,Caryl,Worsalls,cworsallsg9@scribd.com,Female,192.183.47.19
587,Kylie,Krauss,kkraussga@shinystat.com,Male,248.62.153.159
588,Ikey,Brinicombe,ibrinicombegb@wix.com,Male,54.186.2.138
589,Marabel,Haddleton,mhaddletongc@g.co,Non-binary,133.3.149.86
590,Lothaire,Littler,llittlergd@trellian.com,Male,188.126.99.90
591,Peder,Frankel,pfrankelge@soup.io,Male,197.193.170.128
592,Paquito,Cerie,pceriegf@answers.com,Male,165.72.113.173
593,Tobit,Tupie,ttupiegg@ocn.ne.jp,Male,189.246.147.7
594,Germayne,McDuffy,gmcduffygh@tiny.cc,Male,60.161.95.155
595,Margaretta,Trevena,mtrevenagi@examiner.com,Female,206.31.52.130
596,Chiquia,Baugham,cbaughamgj@i2i.jp,Female,192.180.220.125
597,Jacintha,Bowskill,jbowskillgk@myspace.com,Female,167.65.192.164
598,Jerrie,Henkens,jhenkensgl@prweb.com,Female,188.253.149.229
599,Odelle,Toohey,otooheygm@infoseek.co.jp,Female,145.192.59.62
600,Flora,Studman,fstudmangn@trellian.com,Female,172.33.218.68
601,Olivie,Jochen,ojochengo@tinyurl.com,Female,76.133.231.43
602,Stephannie,Gori,sgorigp@nih.gov,Female,133.212.25.217
603,Daniele,Bolam,dbolamgq@prnewswire.com,Female,75.117.215.40
604,Belle,Hudghton,bhudghtongr@is.gd,Female,192.237.15.229
605,Meriel,Iacovo,miacovogs@japanpost.jp,Female,245.198.51.64
606,Mikkel,Laux,mlauxgt@zimbio.com,Male,66.150.143.227
607,Thatcher,Rodge,trodgegu@pen.io,Male,31.210.129.93
608,Abby,Powelee,apoweleegv@yelp.com,Male,168.49.196.105
609,Kerwinn,Buist,kbuistgw@omniture.com,Genderfluid,208.39.143.193
610,Fremont,Cardinale,fcardinalegx@cpanel.net,Male,229.66.37.175
611,Elna,Corse,ecorsegy@163.com,Female,120.210.254.57
612,Evin,Fawssett,efawssettgz@4shared.com,Male,233.186.141.198
613,Rorke,Fabbri,rfabbrih0@bloglovin.com,Male,40.234.79.218
614,Timi,Castelijn,tcastelijnh1@discovery.com,Female,208.138.170.45
615,Woodrow,Eykelbosch,weykelboschh2@google.com.hk,Male,254.207.52.109
616,Simonne,Finkle,sfinkleh3@marriott.com,Female,226.66.111.74
617,Hadleigh,Ducroe,hducroeh4@miitbeian.gov.cn,Male,157.42.224.145
618,Toinette,Hackley,thackleyh5@1688.com,Female,136.54.237.151
619,Darnall,Deetch,ddeetchh6@google.co.jp,Male,161.165.209.12
620,Dasie,Colcomb,dcolcombh7@archive.org,Female,181.40.26.163
621,Tersina,Fitt,tfitth8@bravesites.com,Female,230.103.74.59
622,Marion,Westfield,mwestfieldh9@wufoo.com,Male,167.149.84.0
623,Luciana,Bottell,lbottellha@mashable.com,Female,22.125.198.168
624,Cchaddie,Becerra,cbecerrahb@nyu.edu,Male,119.236.17.197
625,Pammi,Basindale,pbasindalehc@huffingtonpost.com,Female,254.42.202.25
626,Hubey,Sands,hsandshd@discuz.net,Male,203.30.44.107
627,Catharina,Libbis,clibbishe@cbslocal.com,Female,181.135.102.52
628,Barbe,Moreland,bmorelandhf@icq.com,Female,41.176.86.41
629,Welbie,Thorald,wthoraldhg@mtv.com,Male,29.11.126.119
630,Zena,Muckersie,zmuckersiehh@who.int,Female,5.7.245.242
631,Karim,Skegg,kskegghi@nhs.uk,Male,202.202.85.253
632,Karyn,Kurtis,kkurtishj@google.nl,Female,137.216.206.56
633,Giulio,Ewols,gewolshk@unblog.fr,Male,78.103.29.219
634,Ofilia,Ferreli,oferrelihl@bbb.org,Female,185.134.151.46
635,Bernie,Edscer,bedscerhm@flavors.me,Male,141.49.112.131
636,Padraig,Hathaway,phathawayhn@geocities.jp,Male,179.44.104.96
637,Nat,Montacute,nmontacuteho@mail.ru,Male,105.36.143.166
638,Hedy,Masham,hmashamhp@naver.com,Female,59.204.211.43
639,Kata,Clyant,kclyanthq@dagondesign.com,Female,134.142.24.53
640,Wyn,Dongall,wdongallhr@opensource.org,Male,121.67.127.8
641,Nickie,Trenbay,ntrenbayhs@blogtalkradio.com,Male,113.253.60.146
642,Ardelle,Skeffington,askeffingtonht@ustream.tv,Female,243.20.153.138
643,Caspar,Brockett,cbrocketthu@wisc.edu,Male,242.126.75.11
644,Patrizius,McKirton,pmckirtonhv@answers.com,Male,216.183.157.201
645,Thorsten,Pringour,tpringourhw@miitbeian.gov.cn,Male,188.188.197.174
646,Karel,Clampe,kclampehx@taobao.com,Male,111.116.152.64
647,Cele,Atger,catgerhy@apple.com,Female,85.235.58.166
648,Odelinda,Pien,opienhz@msn.com,Female,194.1.138.39
649,Cheryl,Segrave,csegravei0@joomla.org,Female,35.255.45.15
650,Edgar,Gillham,egillhami1@independent.co.uk,Male,180.8.14.31
651,Domingo,Stolting,dstoltingi2@symantec.com,Male,113.22.194.253
652,Matteo,Menchenton,mmenchentoni3@gov.uk,Male,240.146.24.139
653,Berton,Giacomozzo,bgiacomozzoi4@addthis.com,Male,45.224.70.126
654,Erek,Cawsey,ecawseyi5@google.com.hk,Male,216.68.190.242
655,Arny,Synnot,asynnoti6@hugedomains.com,Male,82.83.13.58
656,Brewer,Tolland,btollandi7@topsy.com,Male,99.124.167.25
657,Bette-ann,Twell,btwelli8@fastcompany.com,Female,255.54.177.88
658,Alvera,Alexandre,aalexandrei9@barnesandnoble.com,Female,56.181.6.97
659,Christan,Frenchum,cfrenchumia@twitter.com,Female,52.116.235.252
660,Tiffany,Durham,tdurhamib@artisteer.com,Female,104.206.129.232
661,Reece,Boullin,rboullinic@bbb.org,Genderfluid,246.8.168.0
662,Raychel,Danilchenko,rdanilchenkoid@privacy.gov.au,Female,243.235.4.190
663,Lauritz,Waterland,lwaterlandie@ebay.com,Male,8.70.0.108
664,Sella,Behning,sbehningif@soup.io,Female,244.220.9.37
665,Kristin,Konertz,kkonertzig@etsy.com,Female,207.21.104.39
666,Regan,Cassin,rcassinih@webeden.co.uk,Female,77.132.26.144
667,Barnabe,Mathwin,bmathwinii@java.com,Male,250.166.90.159
668,Catharina,Cholomin,ccholominij@marketwatch.com,Female,78.156.57.234
669,Thorvald,Hucker,thuckerik@berkeley.edu,Male,229.110.99.12
670,Wrennie,Nials,wnialsil@google.de,Bigender,126.92.92.142
671,Kevon,Conrad,kconradim@google.com.hk,Male,136.124.8.202
672,Jasen,Houseley,jhouseleyin@wix.com,Male,138.154.71.13
673,Chrotoem,Bullene,cbulleneio@flickr.com,Male,157.122.46.96
674,Josepha,Pavie,jpavieip@gnu.org,Female,69.121.70.227
675,Dane,Bocken,dbockeniq@census.gov,Male,5.224.90.195
676,Flor,Hellin,fhellinir@creativecommons.org,Female,85.46.82.105
677,Benedikta,Lamyman,blamymanis@rambler.ru,Female,0.93.91.178
678,Angelo,Judkins,ajudkinsit@npr.org,Male,101.130.219.19
679,Salomo,Noblett,snoblettiu@virginia.edu,Male,232.252.41.9
680,Mignon,Northill,mnorthilliv@yandex.ru,Female,71.23.71.191
681,Janith,Esseby,jessebyiw@netlog.com,Female,78.37.244.210
682,Jamal,Blackey,jblackeyix@samsung.com,Non-binary,179.24.192.229
683,Ernst,Christie,echristieiy@topsy.com,Male,198.207.41.152
684,Stavro,Janous,sjanousiz@shinystat.com,Male,85.20.239.5
685,Berry,Pollen,bpollenj0@yellowbook.com,Female,85.98.40.136
686,Valina,McReynold,vmcreynoldj1@usatoday.com,Female,47.87.218.18
687,Meredith,Comar,mcomarj2@xinhuanet.com,Male,61.242.147.80
688,Agnesse,Boughtwood,aboughtwoodj3@google.com,Female,23.28.136.217
689,Eugenio,Lyvon,elyvonj4@cpanel.net,Male,211.223.54.208
690,Kaleena,Stogill,kstogillj5@howstuffworks.com,Female,71.206.114.241
691,Emelda,Brechin,ebrechinj6@state.tx.us,Bigender,121.95.182.146
692,Nero,Hebblewaite,nhebblewaitej7@dion.ne.jp,Male,185.199.53.114
693,Eleen,Seal,esealj8@fc2.com,Female,136.155.75.174
694,Berni,Beranek,bberanekj9@npr.org,Female,174.181.196.20
695,Marcia,Joire,mjoireja@amazonaws.com,Genderfluid,61.190.159.198
696,Hortense,China,hchinajb@e-recht24.de,Female,179.155.86.187
697,Martyn,Simms,msimmsjc@ca.gov,Male,101.61.12.97
698,Sibylle,Cochern,scochernjd@cafepress.com,Female,143.120.233.100
699,Gerrie,Gaddesby,ggaddesbyje@domainmarket.com,Female,197.18.63.30
700,Gaylord,McLaggan,gmclagganjf@yelp.com,Male,156.181.233.100
701,Peterus,Balassi,pbalassijg@wiley.com,Male,94.72.222.136
702,Alexis,Pele,apelejh@phpbb.com,Male,74.194.60.215
703,Tonya,Jenteau,tjenteauji@disqus.com,Female,97.50.91.192
704,Zollie,Laxson,zlaxsonjj@bluehost.com,Male,133.69.147.219
705,Ephrem,Sharram,esharramjk@histats.com,Male,166.137.45.40
706,Noe,Rosenberg,nrosenbergjl@wordpress.org,Male,253.116.72.158
707,Craggy,Hyman,chymanjm@discuz.net,Male,176.26.111.130
708,Krystle,Gillet,kgilletjn@bigcartel.com,Female,51.237.228.123
709,Nady,Inseal,ninsealjo@chron.com,Female,170.140.158.1
710,Martie,Mansion,mmansionjp@nih.gov,Male,249.233.88.124
711,Dare,Yankin,dyankinjq@blogtalkradio.com,Male,111.66.52.93
712,Lola,Coulthard,lcoulthardjr@tinyurl.com,Female,87.72.221.50
713,Linell,Leak,lleakjs@jimdo.com,Female,235.251.150.192
714,Haily,Petworth,hpetworthjt@globo.com,Female,141.57.32.239
715,Ali,Beckensall,abeckensallju@ox.ac.uk,Polygender,169.145.27.155
716,Agathe,Thomlinson,athomlinsonjv@mac.com,Female,213.190.110.150
717,Rip,Ironmonger,rironmongerjw@example.com,Male,48.189.233.129
718,Sayre,Pervoe,spervoejx@multiply.com,Female,172.241.169.214
719,Galen,Aspinell,gaspinelljy@noaa.gov,Male,214.66.208.148
720,Ethelbert,Tredget,etredgetjz@pen.io,Male,62.198.200.165
721,Thaine,Tracey,ttraceyk0@aol.com,Male,188.199.54.4
722,Merci,Caudelier,mcaudelierk1@trellian.com,Female,137.8.186.127
723,Claude,Streeton,cstreetonk2@friendfeed.com,Female,48.248.206.84
724,Lib,Bridywater,lbridywaterk3@bbc.co.uk,Female,170.232.174.211
725,Brose,Botwood,bbotwoodk4@drupal.org,Male,116.39.118.148
726,Anthe,Dunning,adunningk5@nbcnews.com,Female,176.210.133.144
727,Vonny,Le Provost,vleprovostk6@yellowbook.com,Female,178.125.102.225
728,Vinny,Hirtzmann,vhirtzmannk7@plala.or.jp,Male,49.71.181.73
729,Nahum,Van Dijk,nvandijkk8@vkontakte.ru,Male,66.8.255.170
730,Marthe,Hairsine,mhairsinek9@example.com,Female,131.187.151.77
731,Mic,McTavy,mmctavyka@wordpress.com,Male,164.51.151.177
732,Drucill,Foy,dfoykb@icio.us,Female,163.254.136.182
733,Chandler,Tynan,ctynankc@posterous.com,Male,41.27.229.183
734,Willi,Cracknall,wcracknallkd@arstechnica.com,Male,155.175.17.51
735,Vicky,Ghidetti,vghidettike@cpanel.net,Female,105.76.18.51
736,Lockwood,Guiel,lguielkf@friendfeed.com,Male,224.65.242.51
737,Lyndel,Fitzpatrick,lfitzpatrickkg@si.edu,Female,223.157.253.138
738,Curry,Bowdery,cbowderykh@umn.edu,Male,89.48.77.249
739,Randall,King,rkingki@hibu.com,Male,174.198.242.99
740,Sid,Dedney,sdedneykj@sourceforge.net,Male,79.156.49.255
741,Karon,Seydlitz,kseydlitzkk@omniture.com,Female,9.39.165.53
742,Bartholemy,Roscow,broscowkl@usgs.gov,Polygender,124.155.107.130
743,Jeana,Oxenford,joxenfordkm@wikispaces.com,Female,44.152.153.13
744,Tonnie,Armitt,tarmittkn@cloudflare.com,Male,239.140.86.102
745,Rosemaria,Holbie,rholbieko@slate.com,Genderfluid,172.246.247.82
746,Monroe,McCarroll,mmccarrollkp@cyberchimps.com,Male,65.113.8.214
747,Loutitia,Dearle,ldearlekq@edublogs.org,Agender,99.254.200.239
748,Guillaume,Basnett,gbasnettkr@senate.gov,Male,161.216.182.237
749,Heriberto,Craigg,hcraiggks@reddit.com,Male,231.13.221.185
750,Gaultiero,Bollans,gbollanskt@soup.io,Male,167.106.226.226
751,Torey,Kingswoode,tkingswoodeku@europa.eu,Male,176.106.97.27
752,Tobye,Butson,tbutsonkv@xing.com,Female,62.68.220.116
753,Luciano,Harroway,lharrowaykw@fema.gov,Male,163.178.189.9
754,Rob,Storcke,rstorckekx@msn.com,Male,42.241.142.255
755,Clevey,Stilgo,cstilgoky@nationalgeographic.com,Male,220.146.38.172
756,Fabiano,Roseby,frosebykz@wordpress.org,Genderqueer,64.28.207.230
757,Filmer,Amphlett,famphlettl0@odnoklassniki.ru,Male,75.36.81.51
758,Fanya,Paz,fpazl1@ehow.com,Female,253.45.253.42
759,Stacee,Grahl,sgrahll2@webmd.com,Female,229.164.23.236
760,Brynn,O'Crotty,bocrottyl3@opera.com,Female,7.247.47.239
761,Anya,Cranidge,acranidgel4@acquirethisname.com,Female,230.97.79.249
762,Othilie,Cornels,ocornelsl5@jugem.jp,Female,128.25.51.115
763,Grange,Summerley,gsummerleyl6@godaddy.com,Male,143.133.54.111
764,Templeton,Kinsley,tkinsleyl7@webmd.com,Bigender,42.153.63.140
765,Katrina,Janek,kjanekl8@altervista.org,Female,171.218.86.16
766,Lianna,Strang,lstrangl9@stumbleupon.com,Female,114.60.189.198
767,Phedra,Sharple,psharplela@over-blog.com,Female,245.238.204.107
768,Alvin,Healey,ahealeylb@indiegogo.com,Male,37.244.214.44
769,Torrie,Matcham,tmatchamlc@nifty.com,Female,218.252.119.116
770,Melisent,Clohissy,mclohissyld@imdb.com,Female,130.195.69.99
771,Sigfrid,Soame,ssoamele@paypal.com,Male,78.109.179.20
772,Vassili,Malby,vmalbylf@ezinearticles.com,Male,140.8.101.227
773,Joly,Strangwood,jstrangwoodlg@biglobe.ne.jp,Female,154.48.16.239
774,Lauretta,Lightollers,llightollerslh@slashdot.org,Female,109.123.20.36
775,Rafferty,Glasser,rglasserli@cnet.com,Male,199.48.82.65
776,Tait,Housden,thousdenlj@aboutads.info,Male,90.89.148.185
777,Alex,Castiglione,acastiglionelk@columbia.edu,Female,224.186.206.85
778,Georgie,Yon,gyonll@uol.com.br,Male,142.202.84.166
779,Jase,Done,jdonelm@google.ca,Male,106.133.228.176
780,Dominick,O'Regan,doreganln@sitemeter.com,Male,227.6.216.161
781,Billi,Camerana,bcameranalo@cafepress.com,Female,117.188.122.179
782,Neila,Elcum,nelcumlp@paypal.com,Female,56.25.181.242
783,Sonnie,Manicomb,smanicomblq@topsy.com,Male,123.144.84.182
784,Noel,Dainty,ndaintylr@lulu.com,Female,27.43.164.235
785,Arlene,Sarch,asarchls@salon.com,Female,189.16.193.193
786,Ross,Goodwill,rgoodwilllt@is.gd,Male,100.20.60.22
787,Wilburt,Denyukhin,wdenyukhinlu@tamu.edu,Male,38.91.185.239
788,Boyce,Begley,bbegleylv@opera.com,Male,204.59.13.83
789,Fayette,Saice,fsaicelw@hibu.com,Female,109.21.65.219
790,Arlana,Ockendon,aockendonlx@123-reg.co.uk,Female,85.146.137.74
791,Barris,Mousley,bmousleyly@unblog.fr,Male,121.98.115.112
792,Ninetta,Werny,nwernylz@squarespace.com,Female,158.173.206.125
793,Mirna,Sisley,msisleym0@youtube.com,Polygender,51.101.6.82
794,Dru,Renak,drenakm1@gnu.org,Polygender,156.207.74.202
795,Inger,Sircomb,isircombm2@bbc.co.uk,Male,146.26.140.190
796,Lonna,Wedlake,lwedlakem3@prweb.com,Female,216.147.36.29
797,Thane,Hauxwell,thauxwellm4@oakley.com,Male,160.207.208.173
798,Ivette,Norbury,inorburym5@shutterfly.com,Female,122.97.157.148
799,Brig,Helsby,bhelsbym6@mapy.cz,Male,135.140.27.41
800,Laurene,Glantz,lglantzm7@jimdo.com,Female,100.73.172.149
801,Stevy,Whitwood,swhitwoodm8@businessinsider.com,Male,195.190.102.56
802,Nicolas,Lodeke,nlodekem9@usatoday.com,Non-binary,208.52.160.24
803,Gianna,Crowthe,gcrowthema@wix.com,Female,102.177.74.43
804,Zebadiah,Jull,zjullmb@ask.com,Male,147.189.4.78
805,Jessie,Faraker,jfarakermc@nationalgeographic.com,Male,209.96.62.243
806,Dalston,Iverson,diversonmd@gravatar.com,Male,58.136.89.177
807,Alma,Attewill,aattewillme@time.com,Female,29.69.131.95
808,Alley,Metham,amethammf@fema.gov,Male,137.118.232.181
809,Clea,Audiss,caudissmg@smh.com.au,Female,236.94.32.199
810,Polly,Ygoe,pygoemh@earthlink.net,Polygender,127.10.252.67
811,Quintina,Palluschek,qpalluschekmi@ask.com,Female,152.176.225.188
812,Kat,Chasemoore,kchasemooremj@furl.net,Female,57.23.182.89
813,Ancell,Tooting,atootingmk@bloglines.com,Male,31.30.79.12
814,Ansley,Bea,abeaml@imdb.com,Female,29.86.252.46
815,Lianna,Jochen,ljochenmm@pen.io,Female,67.249.246.24
816,Bondy,Delph,bdelphmn@edublogs.org,Male,24.219.80.202
817,Claudina,Ivasyushkin,civasyushkinmo@buzzfeed.com,Female,238.150.178.156
818,Maribeth,Allwright,mallwrightmp@amazon.co.uk,Female,223.165.76.134
819,Sarine,Gilhooley,sgilhooleymq@ebay.co.uk,Female,97.148.201.205
820,Godiva,Vigurs,gvigursmr@tinyurl.com,Agender,170.136.175.74
821,Gaye,Coggill,gcoggillms@cyberchimps.com,Female,232.95.148.62
822,Jabez,Rubert,jrubertmt@tuttocitta.it,Male,60.110.242.128
823,Drusi,MacLennan,dmaclennanmu@blogs.com,Female,193.236.145.131
824,Cassi,Coleman,ccolemanmv@pbs.org,Female,126.255.163.155
825,Keefe,Ropking,kropkingmw@bloglines.com,Male,218.157.19.47
826,Barri,Andryszczak,bandryszczakmx@fema.gov,Male,199.173.107.190
827,Orlando,Koschke,okoschkemy@japanpost.jp,Male,57.81.76.115
828,Elysee,Hamlyn,ehamlynmz@storify.com,Female,109.14.99.135
829,Libbey,Ambroziak,lambroziakn0@salon.com,Female,147.50.182.65
830,Hermann,Bester,hbestern1@msu.edu,Male,230.239.224.181
831,Marcello,Mc Kellen,mmckellenn2@uol.com.br,Male,95.216.38.176
832,Oralle,Dossantos,odossantosn3@drupal.org,Female,247.203.240.202
833,Minor,Shovel,mshoveln4@4shared.com,Male,56.95.57.90
834,Bebe,Loffhead,bloffheadn5@census.gov,Female,38.237.15.133
835,Baxter,Hannum,bhannumn6@discovery.com,Bigender,181.185.151.30
836,Edan,McTerlagh,emcterlaghn7@pagesperso-orange.fr,Male,167.102.167.12
837,Rustie,Eplett,replettn8@bandcamp.com,Male,158.62.74.200
838,Anabelle,Dorey,adoreyn9@bandcamp.com,Non-binary,140.107.76.23
839,Michail,Batters,mbattersna@nifty.com,Male,110.90.145.168
840,Cassondra,Barrett,cbarrettnb@nature.com,Female,106.208.173.151
841,Lou,Darrington,ldarringtonnc@dagondesign.com,Male,250.132.244.239
842,Terra,MacEntee,tmacenteend@upenn.edu,Female,62.201.116.28
843,Claudia,Graben,cgrabenne@moonfruit.com,Female,189.82.110.109
844,Ewart,O'Cahey,eocaheynf@fastcompany.com,Male,101.155.197.60
845,Rivy,Dumingos,rdumingosng@youtube.com,Female,28.233.149.67
846,Janina,de Guise,jdeguisenh@google.pl,Female,225.193.4.25
847,Gilberta,Brendeke,gbrendekeni@princeton.edu,Female,156.73.223.204
848,Agnesse,Caveau,acaveaunj@nih.gov,Female,143.41.217.115
849,Etan,Tamplin,etamplinnk@desdev.cn,Male,203.251.233.76
850,Vale,Sine,vsinenl@icq.com,Female,221.114.150.21
851,Nesta,Extence,nextencenm@jiathis.com,Female,184.59.24.174
852,Constantine,Brame,cbramenn@altervista.org,Female,113.100.210.162
853,Phillida,Millington,pmillingtonno@about.me,Female,49.23.65.119
854,Dawna,Kennler,dkennlernp@phoca.cz,Female,69.147.204.176
855,Birch,Waddington,bwaddingtonnq@utexas.edu,Male,28.67.65.106
856,Lorelei,Sheehan,lsheehannr@virginia.edu,Female,132.102.175.127
857,Trudy,Ickovic,tickovicns@reddit.com,Genderfluid,71.43.91.139
858,Marcellina,Wardington,mwardingtonnt@nhs.uk,Female,141.232.204.175
859,Barde,Hartmann,bhartmannnu@last.fm,Male,154.20.6.255
860,Ibbie,Maber,imabernv@ucoz.com,Female,157.124.8.30
861,Karla,Spragg,kspraggnw@networkadvertising.org,Female,63.9.175.87
862,Simone,Hockey,shockeynx@fema.gov,Female,169.122.123.40
863,Pollyanna,Rebichon,prebichonny@webnode.com,Female,0.125.79.231
864,Sebastien,Cardnell,scardnellnz@cpanel.net,Male,170.114.230.122
865,Eric,Vaune,evauneo0@cafepress.com,Non-binary,30.251.127.213
866,Erv,O'Cannan,eocannano1@plala.or.jp,Male,237.117.122.235
867,Bryanty,Gariff,bgariffo2@webeden.co.uk,Male,147.46.73.5
868,Jenica,Gotling,jgotlingo3@wired.com,Female,131.142.8.135
869,Danny,Pleasaunce,dpleasaunceo4@cmu.edu,Male,204.186.232.238
870,Marlie,Vlach,mvlacho5@creativecommons.org,Female,83.162.14.22
871,Ailina,Kestian,akestiano6@clickbank.net,Female,58.86.146.149
872,Arturo,Eyeington,aeyeingtono7@accuweather.com,Male,187.170.200.151
873,Lanie,Klimmek,lklimmeko8@qq.com,Male,27.74.57.43
874,Ulrikaumeko,Jaszczak,ujaszczako9@meetup.com,Female,184.138.102.239
875,Claudelle,Davie,cdavieoa@uiuc.edu,Female,5.98.23.193
876,Lyn,Soper,lsoperob@mozilla.com,Genderfluid,209.2.77.18
877,Fleur,Menico,fmenicooc@pinterest.com,Female,137.154.120.192
878,Collete,Bevan,cbevanod@microsoft.com,Female,210.196.59.76
879,Noak,Giroldi,ngiroldioe@wordpress.org,Male,251.18.113.136
880,Maisey,Pautard,mpautardof@blogger.com,Female,203.5.67.55
881,Evered,Frith,efrithog@bluehost.com,Male,129.13.58.204
882,Tammie,Bails,tbailsoh@bloomberg.com,Genderqueer,248.91.8.208
883,Leonanie,Redpath,lredpathoi@joomla.org,Female,246.200.85.118
884,Taddeusz,Le Marquis,tlemarquisoj@accuweather.com,Male,90.44.145.70
885,Issy,Kelleway,ikellewayok@purevolume.com,Female,105.213.248.219
886,Silvan,Boundy,sboundyol@cdbaby.com,Male,130.209.64.101
887,Alexandra,McGeever,amcgeeverom@newsvine.com,Female,229.253.164.214
888,Loy,Dessant,ldessanton@nih.gov,Male,102.120.29.138
889,Cirilo,MacTrustey,cmactrusteyoo@yellowbook.com,Male,21.176.97.34
890,Ros,Ranner,rrannerop@fda.gov,Female,95.135.125.169
891,Angil,Forlong,aforlongoq@alibaba.com,Female,35.9.133.163
892,Way,Chellingworth,wchellingworthor@berkeley.edu,Male,171.140.164.188
893,Salomon,Wynrahame,swynrahameos@prweb.com,Agender,55.211.75.132
894,Brenn,Chatband,bchatbandot@whitehouse.gov,Female,112.251.210.233
895,Darcie,Engelbrecht,dengelbrechtou@bandcamp.com,Genderfluid,21.234.113.145
896,Perle,Bonick,pbonickov@imgur.com,Female,103.100.165.224
897,Hurlee,Feron,hferonow@wunderground.com,Male,103.238.200.27
898,Sibyl,Deniseau,sdeniseauox@apache.org,Male,132.37.99.48
899,Avigdor,McGeever,amcgeeveroy@rediff.com,Male,37.111.88.78
900,Thatch,Inwood,tinwoodoz@princeton.edu,Male,227.9.52.1
901,Althea,Bunker,abunkerp0@sun.com,Female,158.17.38.80
902,Christoph,Greasty,cgreastyp1@wiley.com,Male,214.25.64.1
903,Imogene,Hacker,ihackerp2@aboutads.info,Female,8.183.163.199
904,Lettie,Mattheus,lmattheusp3@xing.com,Female,30.196.208.225
905,Forester,Blurton,fblurtonp4@nydailynews.com,Male,4.249.207.226
906,Cherilyn,Bretelle,cbretellep5@amazonaws.com,Female,180.249.35.100
907,Chloris,Minocchi,cminocchip6@census.gov,Female,237.138.66.169
908,Ronnica,Ferron,rferronp7@geocities.jp,Female,148.152.176.117
909,Marena,Allberry,mallberryp8@bbb.org,Female,27.125.208.200
910,Shoshana,Kinde,skindep9@independent.co.uk,Female,141.62.97.97
911,Moselle,Jackman,mjackmanpa@google.com.hk,Female,102.95.126.97
912,Galvin,Slimmon,gslimmonpb@nsw.gov.au,Male,140.80.222.84
913,Janie,Maylin,jmaylinpc@wsj.com,Genderqueer,191.206.25.109
914,Abey,Antonnikov,aantonnikovpd@ameblo.jp,Male,39.93.217.72
915,Maximilianus,Surfleet,msurfleetpe@go.com,Male,100.254.174.254
916,Vania,Bradnam,vbradnampf@facebook.com,Female,228.125.18.62
917,Samuel,Stutter,sstutterpg@ca.gov,Male,202.76.155.121
918,Stanfield,Tremblet,strembletph@bloomberg.com,Male,210.28.22.226
919,Wald,Duckels,wduckelspi@liveinternet.ru,Male,131.20.165.130
920,Sean,Scollick,sscollickpj@virginia.edu,Female,105.119.250.151
921,Wynnie,Chorley,wchorleypk@icq.com,Female,121.112.147.193
922,Nathaniel,Pacquet,npacquetpl@unesco.org,Male,97.37.195.19
923,Malorie,Vannuchi,mvannuchipm@aol.com,Female,50.202.174.14
924,Jamill,Plan,jplanpn@mtv.com,Male,8.19.105.3
925,Gris,Kareman,gkaremanpo@sbwire.com,Male,20.209.159.96
926,Casie,Siely,csielypp@merriam-webster.com,Genderfluid,205.147.159.3
927,Biron,Lavender,blavenderpq@phpbb.com,Male,230.164.102.1
928,Jacobo,Hewertson,jhewertsonpr@craigslist.org,Male,71.201.255.246
929,Bunni,Jacklin,bjacklinps@blogger.com,Female,25.9.198.168
930,Osmund,Griffin,ogriffinpt@harvard.edu,Male,231.17.106.57
931,Tandi,Dunphy,tdunphypu@imgur.com,Female,7.34.162.84
932,Sander,Jaffra,sjaffrapv@nih.gov,Male,206.115.173.218
933,Waylan,Arnout,warnoutpw@simplemachines.org,Agender,101.200.176.126
934,Daren,Thibodeaux,dthibodeauxpx@usa.gov,Male,173.86.79.47
935,Xymenes,Banville,xbanvillepy@histats.com,Male,26.139.103.184
936,Katusha,Delaprelle,kdelaprellepz@smh.com.au,Female,253.161.17.137
937,Caro,Watts,cwattsq0@state.gov,Female,150.15.151.253
938,Sheilah,Duncombe,sduncombeq1@typepad.com,Female,127.183.138.93
939,Giffie,Pimlock,gpimlockq2@cyberchimps.com,Male,236.102.78.182
940,Sidnee,Grestye,sgrestyeq3@github.com,Male,34.47.85.40
941,Karrie,Border,kborderq4@gnu.org,Female,64.5.170.184
942,Odie,Desforges,odesforgesq5@zimbio.com,Male,108.180.27.189
943,Steven,Myers,smyersq6@washington.edu,Male,255.201.170.172
944,Maje,Wormell,mwormellq7@cdc.gov,Male,87.118.254.226
945,Caz,Livesay,clivesayq8@columbia.edu,Male,70.220.105.194
946,Madalyn,Mocquer,mmocquerq9@lulu.com,Female,250.156.165.128
947,Charla,Bloodworthe,cbloodwortheqa@a8.net,Female,21.236.223.239
948,Levin,Yegorovnin,lyegorovninqb@usatoday.com,Male,225.60.199.131
949,Phillipp,Bigham,pbighamqc@tmall.com,Male,198.146.80.145
950,Shirlene,Ezzy,sezzyqd@cbslocal.com,Female,61.110.41.45
951,Normand,Smiths,nsmithsqe@reference.com,Male,74.254.95.7
952,Nadean,Vaissiere,nvaissiereqf@csmonitor.com,Agender,235.239.33.124
953,Innis,Gelardi,igelardiqg@multiply.com,Male,32.186.193.38
954,Blondie,Hassin,bhassinqh@bluehost.com,Female,192.186.248.238
955,Rose,Kondratenko,rkondratenkoqi@loc.gov,Female,216.218.147.191
956,Kerwin,Jinkin,kjinkinqj@opensource.org,Male,94.91.219.100
957,Miran,McMorran,mmcmorranqk@google.fr,Female,189.57.84.38
958,Imogene,Swindin,iswindinql@bluehost.com,Female,15.176.43.249
959,Hershel,Wikey,hwikeyqm@google.it,Male,57.60.53.14
960,Emmott,Rampton,eramptonqn@4shared.com,Male,80.121.100.71
961,Linnell,Rayman,lraymanqo@histats.com,Female,207.206.113.246
962,Allyn,Trusler,atruslerqp@google.de,Male,161.97.65.190
963,Bartlett,Rodrigo,brodrigoqq@mozilla.com,Male,76.204.123.119
964,Allyn,Hammonds,ahammondsqr@moonfruit.com,Female,245.168.197.34
965,Perice,Duguid,pduguidqs@loc.gov,Male,180.0.94.178
966,Chad,Harwick,charwickqt@businessinsider.com,Male,5.209.63.167
967,Lorita,Di Ruggiero,ldiruggieroqu@mail.ru,Female,14.243.203.185
968,Samuel,Spalls,sspallsqv@youtube.com,Male,215.101.146.133
969,Alvan,Forster,aforsterqw@vimeo.com,Male,17.110.147.68
970,Hedwig,Jiles,hjilesqx@blog.com,Female,40.163.213.86
971,Tate,Gwalter,tgwalterqy@ow.ly,Male,95.136.13.208
972,Calhoun,Pinnion,cpinnionqz@imgur.com,Male,96.86.238.88
973,Phillida,Augustus,paugustusr0@jiathis.com,Female,222.10.56.234
974,Gwen,Vockins,gvockinsr1@nps.gov,Female,155.199.61.194
975,Coop,Gillett,cgillettr2@about.me,Male,203.77.155.31
976,Glynn,Verni,gvernir3@gov.uk,Male,197.26.145.33
977,Dyana,Aldersey,dalderseyr4@wordpress.org,Female,8.35.139.55
978,Quinton,Elger,qelgerr5@amazon.co.uk,Male,206.93.8.147
979,Dirk,Voules,dvoulesr6@uol.com.br,Male,154.119.195.159
980,Darice,Conachie,dconachier7@hatena.ne.jp,Female,26.243.68.62
981,Anton,Shrimpling,ashrimplingr8@cnbc.com,Male,149.214.204.41
982,Kaja,De Leek,kdeleekr9@rambler.ru,Female,4.9.77.178
983,Kaela,Kitchenman,kkitchenmanra@irs.gov,Female,119.6.159.40
984,Janetta,Kissick,jkissickrb@cafepress.com,Female,130.82.37.78
985,Andy,Maltster,amaltsterrc@upenn.edu,Female,90.191.12.165
986,Calla,Heakey,cheakeyrd@goodreads.com,Female,78.3.175.44
987,Grant,Shilladay,gshilladayre@list-manage.com,Male,45.208.29.208
988,Emmey,Droghan,edroghanrf@nydailynews.com,Female,214.192.254.123
989,Dell,Ferraresi,dferraresirg@nih.gov,Female,140.39.225.75
990,Jakob,Spelling,jspellingrh@hubpages.com,Male,12.220.161.109
991,Curcio,Harper,charperri@un.org,Male,6.240.207.91
992,Tanner,Aizikovitch,taizikovitchrj@biblegateway.com,Male,233.212.213.210
993,Tam,Caulier,tcaulierrk@live.com,Male,96.74.131.202
994,Hayden,Pumfrey,hpumfreyrl@over-blog.com,Male,238.197.124.32
995,Spenser,Oland,solandrm@utexas.edu,Male,215.252.145.85
996,Leandra,Farrall,lfarrallrn@hibu.com,Female,110.128.25.131
997,Paulie,Simoes,psimoesro@t.co,Genderfluid,227.55.219.4
998,Tyne,Genever,tgeneverrp@ucoz.com,Female,234.191.93.140
999,Adair,Ewens,aewensrq@paypal.com,Male,170.10.133.91
1000,Faulkner,Glazer,fglazerrr@dedecms.com,Agender,209.217.50.129
